{ 
  "plan.Guest" : "Guest traducir al inglés",
  "plan.Basic" : "Basic traducir al inglés",
  "plan.Plus" : "Plus traducir al inglés",
  "plan.Premium" : "Premium traducir al inglés",
  "role.User" : "User traducir al inglés",
  "role.Collaborator" : "Collaborator traducir al inglés",
  "role.Administrator" : "Administrator traducir al inglés",
  "Advanced" : "Avanzado traducir al inglés",
  "Basic" : "Básico traducir al inglés",
  "Medium" : "Medio traducir al inglés",
  "permissions.consultant" : "Módulo Asesor fiscal traducir al inglés",
  "consultant.permission.description" : "Permisos para la gestión en el módulo de Asesor Fiscal. Crea un perfil de asesor traducir al inglés",
  "permissions.ACADEMY" : "Módulo Academia traducir al inglés",
  "ACADEMY.permission.description" : "Permisos para la gestión en el módulo de Academia traducir al inglés",
  "permissions.RESEARCH" : "Módulo Research traducir al inglés",
  "RESEARCH.permission.description" : "Permisos para la gestión en el módulo de Research traducir al inglés",
  "permissions.WEBINARS" : "Módulo Webinars traducir al inglés",
  "WEBINARS.permission.description" : "Permisos para la gestión en el módulo de Webinars traducir al inglés",
  "permissions.AMAS" : "Módulo Amas traducir al inglés",
  "AMAS.permission.description" : "Permisos para la gestión en el módulo de AMAS traducir al inglés",

  

  "mainMenu.item.label.home":"Dashboard traducir al inglés",
  "mainMenu.item.label.academy":"Academia traducir al inglés",
  "mainMenu.item.label.administation":"Administración traducir al inglés",
  "mainMenu.item.label.news":"Noticias traducir al inglés",
  "mainMenu.item.label.afiliates":"Afiliados traducir al inglés",
  "mainMenu.item.label.taxConsultant":"Asesor Fiscal traducir al inglés",
  "mainMenu.item.label.resources":"Recursos traducir al inglés",
  "mainMenu.item.label.consultants":"Asesores traducir al inglés",
  "mainMenu.item.label.discord":"Discord traducir al inglés",
  "mainMenu.item.label.webinars":"Webinars traducir al inglés",
  "mainMenu.item.label.amas":"AMAs traducir al inglés",
  "mainMenu.item.label.tempName":"Nombre temporal traducir al inglés",
  "mainMenu.item.label.research":"Research traducir al inglés",
  "mainMenu.item.label.analysis":"Bitcoins / Altcoins traducir al inglés",
  "mainMenu.item.label.flashUpdates":"Flash Updates traducir al inglés",
  "mainMenu.item.label.courses":"Cursos traducir al inglés",
  "mainMenu.item.label.tutorials":"Tutoriales traducir al inglés",
  "mainMenu.item.label.users" : "Usuarios traducir al inglés",
  "mainMenu.item.label.stats" : "Estadísticas traducir al inglés",
  "mainMenu.item.label.invoice" : "Facturas traducir al inglés",
  "mainMenu.item.label.visibility" :"Visibilidad traducir al inglés",
  "contextualMenu.item.label.see": "Ver traducir al inglés",
  "contextualMenu.item.label.donwload" : "Descargar traducir al inglés",
  "contextualMenu.item.label.delete": "Borrar traducir al inglés",
  
  "page.home.title": "Bienvenidos traducir al inglés",

  "page.webinars.subtitle": "Próximas sesiones traducir al inglés",
  "page.webinars.modal.createTitle": "Crear webinar traducir al inglés",
  "page.webinars.modal.editTitle": "Editar un webinar traducir al inglés",
  "page.webinars.inputSearch": "Buscar un webinar traducir al inglés",
  "page.webinars.uploadVideo": "Subiendo vídeo... traducir al inglés",
  "page.webinars.search.label": "Buscar un webinar traducir al inglés",
  "page.webinars.text" : "Texto de introduccion de la pagina principal de webinars traducir al inglés",
  "page.webinars.deferred.text" : "Texto de introduccion de la pagina de webinars anteriores traducir al inglés",

  "page.login.title": "Title traducir al inglés",
  "page.login.mainTitleLogin": "Comience su viaje  <b>criptográfico</b>  traducir al inglés",
  "page.login.mainTitleSignUp": "Comience su viaje  <b>criptográfico</b>  traducir al inglés",
  "page.login.mainSubTitleSignUp" : "Pastore Capital hace que sea fácil empezar. Regístrate hoy y explora todos nuestros servicios por ti mismo. traducir al inglés",
  "page.login.mainSubTitleLogin" : "Pastore Capital hace que sea fácil empezar. Regístrate hoy y explora todos nuestros servicios por ti mismo. traducir al inglés",
  "page.login.labelSignIn": "Iniciar sesión traducir al inglés",
  "page.login.labelSignUp": "Registrarse traducir al inglés",
  "page.login.signUpTitle": "Regístrate traducir al inglés",
  "page.login.signInTitle": "¡Hola de nuevo! {br} Accede a Pastore Capital traducir al inglés",
  "page.login.signInCaps": "Bienvenido Traducir al inglés",
  "page.login.signUpCaps": "Únete a nuestra comunidad Traducir al inglés",
  "page.login.labelEmail": "Email Traducir al inglés",
  "page.login.labelPassword": "Contraseña Traducir al inglés",
  "page.login.labelRepeatPassword": "Repetir contraseña Traducir al inglés",
  "page.login.labelSignInButton": "Entrar Traducir al inglés",
  "page.login.labelSignUpButton": "Crear cuenta Traducir al inglés",
  "page.login.incorrectEmail": "Email incorrecto traducir al inglés",
  "page.login.errorRequired": "Este campo es obligatorio traducir al inglés",
  "page.login.labelname": "Nombre traducir al inglés",
  "page.login.labellastname": "Apellidos traducir al inglés",
  "page.login.labelRecoverPassword": "He olvidado mi contraseña traducir al inglés",
  "page.signUp.title": "Darse de alta traducir al inglés",
  "page.signUp.labelAcceptTerms": "He leído y acepto los <b>términos y condiciones</b> traducir al inglés",

  "page.recover-password.form.backButtonLabel": "Volver traducir al inglés",
  "page.recover-password.title": "Recuperar contraseña traducir al inglés",
  "page.recover-password.recoverCaps": "Accede a Pastore Capital traducir al inglés",
  "page.recover-password.recoverDetails": "Introduce tu email y te enviaremos un código de verificación traducir al inglés",
  "page.recover-password.form.sendEmail.submit": "Enviar email traducir al inglés",
  "page.recover-password.form.validateCode.title": "Revisa tu email traducir al inglés",
  "page.recover-password.form.validateCode.description": "Introduce el código de verificación enviado a tu email traducir al inglés",
  "page.recover-password.form.resetPassword.submit": "Cambiar traducir al inglés",
  "page.recover-password.form.resetPassword.title": "Cambiar contraseña traducir al inglés",
  "page.recover-password.form.resetPassword.description": "Introduce una nueva contraseña de, al menos, 6 caracteres traducir al inglés",

  "page.academy.mainTitle" : "Hola, traducir al inglés",
  "page.academy.mainBlock.title" : "Desarrolla tus habilidades con Pastore Capital traducir al inglés",
  "page.academy.leftBlock.title" : "<b>Nuestros</b> Cursos traducir al inglés",
  "page.academy.rightBlock.title" : "<b>Nuestros</b> Tutoriales traducir al inglés",
  "page.academy.rightBlock.button.label" : "Explorar Tutoriales traducir al inglés",
  "page.academy.leftBlock.button.label" : "Explorar Cursos traducir al inglés",

  "page.academy.title" : "Academia traducir al inglés",
  "page.academy.courses.title" : "Cursos traducir al inglés",
  "page.academy.courses.btn_create" : "<b>Crear</b> nuevo curso traducir al inglés",
  "page.academy.courses.create.title" : "Crear nuevo curso de la Academia  traducir al inglés",
  "page.academy.courses.form.create.title" : "Título del curso traducir al inglés",
  "page.academy.courses.form.create.excerpt" : "Resumen del curso traducir al inglés",
  "page.academy.courses.form.create.submit" : "Crear curso traducir al inglés",
  "page.academy.courses.form.create.excerpt.helper" : "Resumen corto del curso. Máximo 300 caracteres traducir al inglés",
  "page.academy.courses.form.create.level": "Nivel del curso traducir al inglés",
  "page.academy.courses.delete.title" : "Eliminar curso traducir al inglés",
  "page.academy.courses.delete.menssage" : "¿Estás seguro de eliminar el curso? Se perderán todos los datos y lecciones asociadas a él. traducir al inglés",
  "page.academy.courses.filterSearch.label" : "Buscar por título o #hashtag traducir al inglés",
  "page.academy.courses.filterSearch.helper" : "Para buscar por hashtag  ejemplo: #crypto traducir al inglés",
  "page.academy.courses.filterLevel.label" : "Nivel traducir al inglés",
  "page.academy.courses.filterTags.label" : "Categoría traducir al inglés",

  "page.academy.course.add-lesson":"Añadir nueva lección traducir al inglés",

  "page.academy.course.lesson.form.create.title" : "Crear nueva lección para este curso traducir al inglés",
  "page.academy.course.lesson.form.create.excerpt" : "Resumen de la lección traducir al inglés",
  "page.academy.course.lesson.form.create.submit" : "Crear lección traducir al inglés",
  "page.academy.course.lesson.form.create.excerpt.helper" : "Resumen corto de la lección. Máximo 300 caracteres traducir al inglés",

  "page.academy.lesson.form.addReply.button" : "Responder traducir al inglés",
  "page.academy.lesson.form.closeReply.button" : "Cerrar traducir al inglés",
  "page.academy.lesson.form.addReply.placeholder" : "Escribe tu respuesta traducir al inglés",
  "page.academy.lesson.form.addComment.placeholder" : "Escribe un comentario traducir al inglés",
  "page.academy.lesson.form.removeComment.message.content" : "¿Seguro que quieres eliminar este comentario? Se perderá el registro de las respuestas asociadas a él traducir al inglés",
  "page.academy.lesson.form.removeComment.message.title" : "Eliminar comentario traducir al inglés",
  
  "page.academy.landing.cursos": "Lorem ipsum dolor sit, amet consectetur adipisicing elit. Voluptatibus, aspernatur? Sunt praesentium autem vitae architecto traducir al inglés",
  "page.academy.landing.tutorials": "Lorem ipsum dolor sit, amet consectetur adipisicing elit. Voluptatibus, aspernatur? Sunt praesentium autem vitae architecto traducir al inglés",

  "page.academy.tutorials.form.create.title" : "Título del tutorial traducir al inglés",
  "page.academy.tutorials.form.create.excerpt" : "Resumen del tutorial traducir al inglés",
  "page.academy.tutorials.form.create.submit" : "Crear tutorial traducir al inglés",
  "page.academy.tutorials.form.create.excerpt.helper" : "Resumen corto del tutorial. Máximo 300 caracteres traducir al inglés",
  "page.academy.tutorials.modal.delete.title" : "Eliminar tutorial traducir al inglés",
  "page.academy.tutorials.modal.delete.message" : "¿Estás seguro de eliminar el tutorial? Se perderán todos los datos traducir al inglés",
  "academy.create.tutorials": "<b>Crear</b> nuevo tutorial traducir al inglés",
  "academy.create.courses": "<b>Crear</b> nuevo curso traducir al inglés",

  "page.analysis.title" : "Bitcoins / Altcoins traducir al inglés",
  "page.analysis.categoryFilter.title" : "Categorías traducir al inglés",
  "page.analysis.category.button.label" : "Explorar Categoría traducir al inglés",
  "page.analysis.articles.form.create.title" : "Crear nuevo artículo traducir al inglés",
  "page.analysis.articles.form.create.excerpt" : "Resumen del artículo traducir al inglés",
  "page.analysis.articles.form.create.category" : "Categoría del artículo traducir al inglés",
  "page.analysis.articles.form.create.submit" : "Crear artículo traducir al inglés",
  "page.analysis.articles.form.remove.title": "Borrar artículo traducir al inglés",
  "page.analysis.articles.form.remove.content": "¿Seguro que quieres eliminar el artículo? Esto pondrá en estado deshabilitado todo el contenido relacionado traducir al inglés",
  "page.analysis.articles.form.update": "Actualizar artículo traducir al inglés",
  "page.analysis.articles.featured_articles": " Artículos destacados traducir al inglés",
 
  "page.analysis.bitcoins-altaoins.block-1": "Upgrade to <b>Pastore Capital</b> traducir al ingles",
  "page.analysis.bitcoins-altaoins.block-2": " Unlock <b>Everything</b> traducir al ingles",
  "page.analysis.bitcoins-altaoins.block-3": " Exclusive long-form daily research traducir al ingles",
  "page.analysis.bitcoins-altaoins.block-4": " Daily crypto news and insights in your inbox traducir al ingles",
  "page.analysis.bitcoins-altaoins.block-5": " CSV data exports traducir al ingles",

  "page.analysis.category.form.create.title" : "Crear categoría traducir al inglés",
  "page.analysis.category.form.create.name" : "Nombre de la categoría traducir al inglés",
  "page.analysis.category.form.create.description" : "Descripción de la categoría traducir al inglés",
  "page.analysis.category.form.update.title": "Editar categoría traducir al inglés",
  "page.analysis.category.form.remove.title": "Borrar categoría traducir al inglés",
  "page.analysis.category.form.remove.content": "¿Seguro que quieres eliminar la categoría? Estp pondrá en estado deshabilitado todo el contenido relacionado. traducir al inglés",
  "page.research.landing.button.label":"Explorar traducir al inglés",
  
  "page.academy.mainBlock.Bitcoins/Altcoins" : "Bitcoins / Altcoins  traducir al inglés",
  "page.academy.mainBlock.Bitcoins/Altcoins.text" : "Texto de introduccion en Bitcoins/Altcoins  traducir al inglés",

  "page.academy.mainBlock.flash_updates" : "FLASH UPDATES traducir al inglés",
  "page.academy.mainBlock.flash_updates.text" : "Texto de introduccion en FLASH UPDATES traducir al inglés",
  
  "page.flashUpdates.lockedContent.text":"Para ver el contenido debes ser usuario Premium traducir al inglés",

  "page.administration.users.filter.placeholder" : "Buscar por nombre de usuario o email traducir al inglés",
  "page.administration.users.filter.role_level" : "Rol del usuario traducir al inglés",
  "page.administration.users.filter.subscription_level" : "Plan del usuario traducir al inglés",
  "page.tax-consultant.consultants.smallTitle" : "Asesor Fiscal traducir al inglés",
  "page.tax-consultant.consultants.title" : "Asesores traducir al inglés",
  "page.tax-consultant.consultants.description" : "Nuestro equipo de expertos en criptomonedas y finanzas trabaja con nuestros clientes para proporcionar soluciones fiscales efectivas y personalizadas para sus necesidades individuales. Brindamos asesoramiento en áreas como la tributación, cumplimiento regulatorio y estructuras fiscales para maximizar la rentabilidad y minimizar el riesgo. Además, ofrecemos un servicio integral que incluye el seguimiento de la evolución normativa en el mercado de las criptomonedas. Nuestro objetivo es ayudar a nuestros clientes a tomar decisiones informadas y aumentar su éxito financiero en el mundo de las criptomonedas. Con una atención al cliente excepcional y soluciones personalizadas, Pastore Capital es su socio confiable en el asesoramiento fiscal de criptomonedas. traducir al inglés", 
  "page.tax-consultant.profile.smallTitle" : "Perfil de Asesor traducir al inglés",
  "page.tax-consultant.profile.services.smallTitle" : "Servicios traducir al inglés",
  "page.tax-consultant.profile.clients.title" : "Mis clientes traducir al inglés",
  "page.tax-consultant.create-edit.about-me" : "SOBRE MI traducir al inglés", 
  "page.tax-consultant.create-edit.tell-us-about-you" : "Cuéntanos más sobre ti traducir al inglés",
  "page.tax-consultant.create-edit.title" : "Mis datos traducir al inglés", 
  "page.tax-consultant.create-edit.form.label.title" : "Editar mi perfil traducir al inglés",
  "page.tax-consultant.create-edit.form.label.image" : "Imagen de perfil traducir al inglés",  
  "page.tax-consultant.create-edit.form.label.description" : "Cuenta algo sobre ti o tu experiencia traducir al inglés", 
  "page.tax-consultant.create-edit.form.label.keyword" : "Añade palabras claves separadas por coma traducir al inglés", 
  "page.tax-consultant.create-edit.form.label.linkedin" : "Enlace a LinkedIn traducir al inglés", 

  "page.tax-consultant.landing.block-1" : "Texto introductorio pra asesor fiscal. traducir al ingles", 
  "page.tax-consultant.landing.block-2" : "Texto introductorio pra recursos. traducir al ingles", 
  "page.tax-consultant.landing.questions" : "Pregunta a tu asesor traducir al inglés",
  "page.tax-consultant.landing.questions.description" : "Comenta tus dudas con el asesor traducir al inglés",
  "page.tax-consultant.landing.questions.mainTitle" : "Preguntas  traducir al inglés",
  
  "page.subscription.payment.modalSuccess.title": "Servicio contratado con éxito traducir al inglés",
  "page.subscription.payment.modalSuccess.subtitle": "¡Muy bien, ya estamos casi listos! traducir al inglés",
  "page.subscription.payment.modalSuccess.text": "Pronto recibiras un mail de confirmación con todos los datos de tu compra. traducir al inglés",
  "page.subscription.payment.modalSuccess.button": "Volver al dasboard traducir al inglés",

  "page.tax-consultant.create-service.title" : "Añadir nuevo servicio traducir al inglés",
  "page.tax-consultant.create-service.form.title" : "Título del servicio traducir al inglés",
  "page.tax-consultant.create-service.form.image" : "Añadir imagen traducir al inglés",
  "page.tax-consultant.create-service.form.description" : "Descripción traducir al inglés",
  "page.tax-consultant.create-service.form.time" : "Duración en minutos traducir al inglés",
  "page.tax-consultant.create-service.form.price" : "Precio del servicio traducir al inglés",
  "page.tax-consultant.create-service.form.functions" : "¿Cómo funciona? traducir al inglés",
  "page.tax-consultant.create-service.form.keywords" : "Añade palabras clave traducir al inglés",
  "page.tax-consultant.create-service.form.form" : "Subir formulario de contratación traducir al inglés",
  "page.tax-consultant.manageAppointment.form.title" : "Gestionar Cita traducir al inglés",
  "page.tax-consultant.manageAppointment.client.label" : "Cliente traducir al inglés",
  "page.tax-consultant.manageAppointment.service.label" : "Servicio traducir al inglés",
  "page.tax-consultant.manageAppointment.calendly.label" : "Enlace a Calendly traducir al inglés",
  "page.tax-consultant.manageAppointment.message.label" : "Mensaje traducir al inglés",
  "page.tax-consultant.resources.createForm.button.create": "Añadir recurso traducir al inglés",
  "page.tax-consultant.resources.createForm.input.create": "Crear nuevo recurso traducir al inglés",
  "page.tax-consultant.resources.createForm.input.description": "Descripción recurso traducir al inglés",
  "page.tax-consultant.resources.createForm.select": "Categoría del recurso traducir al inglés",
  "page.tax-consultant.resources.createForm.submit": "Crear recurso traducir al inglés",
  "page.resources.resource.delete.message": "¿Seguro que quieres eliminar este recurso? traducir al inglés",
  "page.resources.resource.delete.title": "Eliminar recurso traducir al inglés",
  "page.discord.title": "Únete a nuestro Discord traducir al inglés",
  "page.discord.card.title": "Un espacio <b>para estar al día</b> traducir al inglés",
  "page.discord.card.text": "Lorem ipsum dolor sit, amet consectetur adipisicing elit. Voluptatibus, aspernatur? Sunt praesentium autem vitae architecto traducir al inglés",
  "page.discord.admin.title": "Editar link a Discord traducir al inglés",
  "page.amas.createRoom.label": "Crear nueva sala traducir al inglés",
  "page.amas.selectRoom.label": "Sala traducir al inglés",
  "page.amas.interviewLabel": "Entrevistado traducir al inglés",
  "page.amas.modalCommentsOpen.title": "Abrir comentarios traducir al inglés",
  "page.amas.modalCommentsOpen.text": "¿Seguro que quieres abrir los comentarios al público?.{br} Cualquier usuario podrá escribir comentarios en la conversación actual traducir al inglés",
  "page.amas.modalCommentsClose.title": "Cerrar comentarios traducir al inglés",
  "page.amas.modalCommentsClose.text": "Si cierras los comentarios, los usuarios que participan en esta conversación no podrán interactuar en la entrevista traducir al inglés",
  "page.amas.modalRoomClose.title": "Cerrar Sala traducir al inglés",
  "page.amas.modalRoomClose.text": "¿Seguro que quieres cerrar la sala de chat? {br} Una vez que la cierres ya no podrás volverla a abrir traducir al inglés",
  "page.amas.closedRoom.text":"La sala está cerrada traducir al inglés",
  "page.amas.modalDownload.title": "Descargar contenido de la entrevista traducir al inglés",
  "page.amas.modalDownload.text": "¡Ups! Esta sala ya está cerrada, pero si quieres puedes descargar el contenido en PDF para no perderte nada traducir al inglés",
  "page.amas.roomLabel.open": "Abierta traducir al inglés",
  "page.amas.roomLabel.closed": "Cerrada traducir al inglés",
  "page.amas.text": "Texto de introducción a Amas. traducir al inglés",
  "page.amas.roomLabel.comin_soon": "En espera traducir al ingles",

  "page.invoices.title" : "Facturas traducir al inglés",
  "page.notifications.title" : "Notificaciones traducir al inglés",

  "new_clients" : "Nuevos clientes",
  "without_clients": "No tienes clientes todavía traducir al inglés", 
  "appearance" : "Apariencia traducir al inglés",
  "select.label.plans": "Seleccione el plan correspondiente traducir al inglés",
  "component.navbar.backbuttom": "Atrás traducir al inglés",
  "component.navbar.signUpBtn": "Iniciar Sesión traducir al inglés",
  "component.navbar.signOutBtn": "Salir traducir al inglés",
  "component.navbar.profile": "Perfil de usuario traducir al inglés",
  "component.navbar.invoices": "Facturas traducir al inglés",
  "component.modal.close" : "X traducir al inglés",
  "component.filter-search-bar.label" : "Buscar por palabra clave traducir al inglés",
  "auth/wrong-password": "Contraseña incorrecta para este usuario traducir al inglés",
  "auth/user-not-found": "El usuario no existe traducir al inglés",
  "auth/email-already-exists": "El email ya está en uso en la plataforma traducir al inglés",
  "auth/network-request-failed" : "Error interno, inténtalo más tarde. traducir al inglés",
  "firestore@error" : "Error interno, permisos insuficientes para realizar esta operación. Por favor, contacte con un administrador. Gracias traducir al inglés",
  "user@not-found": "El usuario no existe traducir al inglés",
  "course.academy@term_exists" : "El curso ya existe en la plataforma traducir al inglés",
  "api_wp@term_exists": "La categoría o el tag ya existen en la BBDD traducir al inglés",
  "Unauthorized": "Usuario no autorizado traducir al inglés",
  "code@invalid": "Código inválido traducir al inglés",
  "code@expired": "El código ha expirado traducir al inglés",
  "forms.errors.incorrectPassword": "La contraseña debe tener al menos 6 caracteres traducir al inglés",
  "forms.errors.errorRequired": "Este campo es obligatorio traducir al inglés",
  "forms.errors.incorrectEmail": "Email incorrecto traducir al inglés",
  "forms.errors.invalidCode": "Código inválido traducir al inglés",
  "forms.errors.matchPass": "Las contraseñas no coinciden traducir al inglés",
  "forms.errors.calendlylink": "El link no pertenece a Calendly (https://calendly.com/) traducir al inglés",

  "forms.labels.name": "Nombre traducir al inglés",
  "forms.labels.lastname": "Apellidos traducir al inglés",
  "forms.labels.email": "Email traducir al inglés",
  "forms.labels.location": "¿Dónde estás? traducir al inglés",
  "forms.labels.password": "Contraseña traducir al inglés",
  "forms.labels.repeatPassword": "Repetir contraseña traducir al inglés",
  "forms.labels.securityCode": "Código de seguridad traducir al inglés",
  "forms.labels.resend-code" : "Reenviar código de seguridad traducir al inglés",
  "forms.helper.userdata.update" : "Los datos personales solo se cambian desde la configuración de usuario. traducir al inglés",
  "forms.labels.excerpt": "Resumen traducir al inglés",
  "forms.labels.title": "Título traducir al inglés",
  "forms.labels.amas.message.public.closed" : "Comentarios cerrados. El moderador te permitirá escribir comentarios en breve traducir al inglés",
  "forms.labels.amas.message" : "Escribe tu comentario traducir al inglés",
  "forms.labels.searchusers.email" : "Buscar usuario por email traducir al inglés",
  "forms.labels.date" : "Asignar fecha traducir al inglés",
  "forms.labels.link" : "Enlace traducir al inglés",
  "form.label.image" : "Seleccionar imagen traducir al inglés",
  "forms.labels.guests" : "Invitados traducir al inglés",
  "forms.labels.policy" : "Acepto la Política de Privacidad traducir al inglés",
  "forms.errors.required.policy" : "Tienes que aceptar las Políticas de Privacidad traducir al inglés",
  

  "user.updated" : "Usuario actualizado traducir al inglés ",
  "btn.send": "Enviar traducir al inglés",
  "btn.save": "Guardar traducir al inglés",
  "btn.accept": "Aceptar traducir al inglés",
  "btn.cancel": "Cancelar traducir al inglés",
  "btn.delete": "Eliminar traducir al inglés",
  "btn.edit": "Editar traducir al inglés",
  "btn.manage": "Gestionar Colaboración traducir al inglés",
  "btn.back": "Volver traducir al inglés",
  "btn.paginator.before" : "Anterior traducir al inglés",
  "btn.paginator.next" : "Siguiente traducir al inglés",
  "btn.search": "Buscar traducir al inglés",
  "btn.add-item": "Añadir item traducir al inglés",
  "btn.hire" : "Contratar traducir al inglés",
  "btn.pay" : "Pagar ahora traducir al inglés",
  "btn.subscribe" : "Subscription traducir al inglés",
  "btn.update_subscribe" : "Subscription traducir al inglés",
  "btn.access": "Acceder traducir al inglés",
  "btn.myPlan" : "Suscrito traducir al inglés",
  "btn.add.service" : "Añadir servicio traducir al inglés",
  "btn.choose.subscription" : "Elegir plan traducir al inglés",
  "btn.view_all" : "VER TODOS traducir al inglés",
  "btn.vew_all_services":"Ver todos los servicios traducir al inglés",
  "btn.calendar" : "Calendario traducir al inglés",
  "btn.clients" : "Clientes traducir al inglés",
  "btn.editLink" : "Editar Link traducir al inglés",
  "btn.loadMore" : "Cargar más traducir al inglés",
  "btn.vew_all" : "Ver todo",


  "post.state.private": "Ver contenido privado traducir al inglés",
  "post.state.public": "Ver contenido público traducir al inglés",
   
  "alert.btn.ok" : "Aceptar traducir al inglés",
  "alert.btn.cancel" : "Cancelar traducir al inglés",
  "placeholder.select" :"Seleccionar traducir al inglés",

  "message.password-updated": "La contraseña ha sido cambiada. traducir al inglés",
  "message.item.created": "El ítem se ha creado correctamente traducir al inglés",
  "message.item.deleted": "El ítem se ha eliminado correctamente traducir al inglés",
  "message.item.no-result":"No hemos encontrado nada traducir al inglés",
  "message.item.updated" : "Se ha actualizado con éxito traducir al inglés",
  "message.sended" : "Notificación enviada traducir al inglés",
  
  "subscription.user.unauthorized.alert.title": "Ups, no tienes permiso traducir al inglés",
  "subscription.user.unauthorized.alert.content": "Parece que quieres acceder a este contenido. Actualiza tu plan de suscripción para tener acceso. traducir al inglés",
  "subscription.user.alert.updateSubscription.text": "¿Quieres actualizar tu plan actual a traducir al inglés",
  
  "page.susbcription.title": "Eliminar recurso traducir al inglés",
  "page.susbcription.description": "Eliminar recurso traducir al inglés",
  "page.susbcription.select.label": "Eliminar recurso traducir al inglés",
  "page.susbcription.select.inputYearly": "Eliminar recurso traducir al inglés",
  "page.susbcription.select.inputMonthly": "Eliminar recurso traducir al inglés",


  "page.dashboard.taxConsultant.text": "Asesor <b>Fiscal</b> traducir al inglés",
  "page.dashboard.resources.text": "Asesor Fiscal <b>Recursos</b> traducir al inglés",
  "page.dashboard.coursesTutorials.text": "Nuestros <b>Cursos y Tutoriales</b> traducir al inglés",
  "page.dashboard.discord.text": "Únete a nuestro <b>Discord</b> traducir al inglés",
  "page.dashboard.lastWebinars.button.label": "Webinars anteriores traducir al inglés",
  "page.dashboard.lastWebinars.text": "Próximos webinars traducir al inglés",
  "page.dashboard.form_publi_image.title": "Añadir anuncio traducir al inglés",
  "page.dashboard.form_publi_image.link": "Link al que redirige el anuncio traducir al inglés",
  "page.dashboard.form_publi_image.delete": "Borrar anuncio traducir al inglés",
  "page.dashboard.form_publi_image.delete.text": "¿Seguro que deseas eliminar esta publicidad? traducir al inglés",
  "page.dashboard.values": "Valores traducir al inglés",
  "page.tax-consultant.create-service.form.description.help" : "El resumen del servicio mostrará solo los 200 primeros caracteres traducir al ingles",
  "page.news.All Tickers" : "Todos los Tickers traducir al inglés",
  "page.news.Favorites" : "Mis Favoritos",
  "page.amas.coming_soon.text_open" : "Quieres dar inicio a la sala esta acción abrirá la sala al pblico. traducir al ingles",
  "page.login.lang.select" : "Selecciona tu idioma por defecto traducir al ingles",
  "page.administration.users.update.role" : "Actualizar role traducir al ingles",
  
  "sub_pay_type" : "Selecciona el tipo de pago traducir al inglés",
  "btn.close": "Cerrar",
  "page.notifications.modalTitle" : "Ver notificación traducir al inglés",
  "invoices.pdf" : "Descargar PDF traducir al inglés",
  "invoices.title" : "Facturas generadas traducir al ingles",
  "invoices.stripe" : "Para un mayor desglose de información acceda al Panel de Administración de Stripe traducir al ingles",
  "stats.con_data" : "Datos de consultores traducir al ingles",
  "stats.u_by_month" : "Relación alta de usuarios por meses del año 2023 traducir al ingles",
  "sats.u_total" : "Total de Usuarios registrados traducir al ingles",
  "stats.users.help" : "Las estadisticas de los usuarios se actualizan de madrugada. traducir al ingles",
  "stats.users" : "Usuarios registrados traducir al ingles",
  "go_stripe" : "Para un detalle completo de estadisticas de pago, recurrencias, etc. traducir al ingles",
  "teacher.permission.description" : "Permisos para el modulo de Profesor traducir al ingles",
  "stats.title": "Estadisticas generales de Pastore Capital traducir al ingles",
  "c_config" : "Gestión de permisos de Colaboradores traducir al ingles",
  "p_collaborator" : "Permisos del colaborador  traducir al ingles",
  "ur_active" :"Role activo del usuario  traducir al ingles",
  "un_config" :"Configuración de notificaciones traducir al ingles",
  "ua2f": "Habilitar autenticación de doble factor traducir al ingles",
  "u_data": "Datos de usuario traducir al ingles",
  "ur_config" :"Configurar rol del usuario traducir al ingles",
  "u_plan" : "Plan activo traducir al ingles",
  "u_singup" : "Fecha de alta traducir al inglés",
  "u_config": "Configuración de usuario traducir al inglés",
  "u_platforms" : "Usuarios de la plataforma traducir al inglés",
  "services_porfolio" : "Portafolio de servicios traducir al inglés",
  "promote_your_site": "<b>Promote your site</b><b>with us</b> traducir al inglés",
  "open_comments" : "Abrir comentarios",
  "close_comments" : "Cerrar comentarios",
  "our" : "Nuestros traducir al inglés",
  "home":"Home traducir al inglés",
  "courses": "Cursos traducir al inglés",
  "tutorials": "Tutoriales traducir al inglés", 
  "academy": "Academia traducir al inglés",
  "tax-consultant": "Asesor Fiscal traducir al inglés",
  "resources": "Recursos traducir al inglés",
  "consultants": "Asesores traducir al inglés",
  "subscription" : "Suscripción traducir al inglés",
  "sub_select_plan": "Elige tu plan de suscripción traducir al inglés",
  "sub_text_intro" :"Texto de introducción a la pagina de suscripción traducir al inglés",
  "[slug]": "Curso traducir al inglés",
  "bitcoins-altcoins" : "Bitcoins/Altcoins traducir al inglés",
  "flash-updates" : "Flash Updates traducir al inglés",
  "research" : "Research traducir al inglés",
  "administration" : "Administración traducir al inglés",
  "users" : "Usuarios traducir al inglés",
  "uid" : "Detalle de Usuario traducir al inglés",
  "create": "Crear Nuevo traducir al inglés",
  "dashboard" : "Dashboard traducir al inglés",
  "services" : "Servicios traducir al inglés",
  "clients" : "Clientes traducir al inglés",
  "questions" : "Preguntas traducir al inglés",
  "colaboration" : "Gestión de Colaborador traducir al inglés",
  "id" : "Detalle traducir al inglés",
  "-": "-",
  "service_id" : "Detalle de Servicio traducir al inglés",
  "payment" : "Pagos traducir al inglés",
  "confirmed_payment" : "Confirmación de Pago traducir al inglés",
  "profile": "Perfil traducir al inglés",
  "edit" : "Editar traducir al inglés",
  "thank-you-purchase": "Gracias por tu compra traducir al inglés",
  "notifications" : "Notificaciones traducir al inglés",
  "update" : "Actualizar traducir al inglés",
  "invoices" : "Facturas traducir al inglés",
  "discord" : "Discord traducir al inglés",
  "amas" : "AMAs traducir al inglés",
  "chatroom_id": "Sala traducir al inglés",
  "webinars": "Webinars traducir al inglés",
  "deferred" :"Diferidos traducir al inglés",
  "w_id": "Detalle del Webinar traducir al inglés",
  "loremipsum" : " Lorem ipsum dolor sit amet consectetur adipisicing elit. Saepe ad similique et assumenda alias incidunt mollitia, maiores quas sequimodi cum dolore recusandae atque dolores expedita, magnam liberodoloribus nam. traducir al inglés",
  "empty": " ",
  "news" : "Noticias traducir al inglés",
  "time": "Duración traducir al inglés",
  "amount" : "Precio traducir al inglés",
  "total_price": "Precio total traducir al inglés",
  "prices_plan":"Precios para los planes de subscripción  traducir al inglés",
  "/news":"Noticias",
  "/academy/tutorials/[tutorial-slug]":"Detalle de tutoriales",
  "/academy/courses/[course-slug]":"Detalle de cursos",
  "/research/bitcoins-altcoins/[category-slug]/[article-slug]":"Detalle de Bitcoins Altacoins",
  "/research/flash-updates":"Flas Updates",
  "/discord":"Discord",
  "/webinars/[w_id]":"Webinar",
  "/webinars/deferred/[w_id]":"Webinar anteriores",
  "/amas/[chatroom_id]":"Amas",
  "price.month" : "Anual traducir al ingles",
  "price.year": "Mensual traducir al ingles",
  "update_plan" : "Actualizar plan traducir al ingles",
  "page.subscription.payment.adviceModal": "El cambio en tu tipo de suscripción se verá reflejado al cobro de tu próxima factura traducir al ingles",
  "plan.update" : "Plan actualizado con exito. traducir al ingles",
  "table.sub.b1" : "Seguimiento del mercado traducir al ingles",
  "table.sub.b2" : "Noticias importantes traducir al ingles",
  "table.sub.b3" : "Análisis técnico semanal de Bitcoins traducir al ingles",
  "table.sub.b4" : "Análisis técnico semanal de Altcoins traducir al ingles",
  "table.sub.b5" : "Flash Updates traducir al ingles",
  "table.sub.b6" : "Ideas de inversión de proyectos traducir al ingles",
  "table.sub.b7" : "Estrategias de inversión y gestión del riesgo traducir al ingles",
  "table.sub.b8" : "Acceso al portfolio de pAstore capita traducir al inglesl",
  "table.sub.b9" : "Legal traducir al ingles",
  "table.sub.b10" : "Acceso a artículos traducir al ingles",
  "table.sub.b11" : "Acceso a vídeos traducir al ingles",
  "table.sub.b12" : "Análisis técnico semanal del Altcoins traducir al ingles",
  "table.sub.b13" : "La Academia traducir al ingles",
  "table.sub.b14" : "Crypto-Tutoriales traducir al ingles",
  "table.sub.b15" : "Acceso a todos nuestros cursos traducir al ingles",
  "table.sub.b16" : "Preguntas y respuestas con nuestros profesores traducir al ingles",
  "table.sub.b17" : "Comunidad y Eventos traducir al ingles",
  "table.sub.b18" : "Acceso a la comunidad de Discord traducir al ingles",
  "table.sub.b19" : "Webinarios / Reuniones traducir al ingles",
  "table.sub.b20" : "Contenido grabado traducir al ingles"

}
