{ 
  "plan.Guest" : "Guest",
  "plan.Basic" : "Basic",
  "plan.Plus" : "Plus",
  "plan.Premium" : "Premium",
  "role.User" : "User",
  "role.Collaborator" : "Collaborator",
  "role.Administrator" : "Administrator",
  "Advanced" : "Avanzado",
  "Basic" : "Básico",
  "Medium" : "Medio",
  "permissions.consultant" : "Módulo Asesor fiscal",
  "consultant.permission.description" : "Permisos para la gestión en el módulo de Asesor Fiscal. Crea un perfil de asesor",
  "permissions.ACADEMY" : "Módulo Academia",
  "ACADEMY.permission.description" : "Permisos para la gestión en el módulo de Academia",
  "permissions.RESEARCH" : "Módulo Research",
  "RESEARCH.permission.description" : "Permisos para la gestión en el módulo de Research",
  "permissions.WEBINARS" : "Módulo Webinars",
  "WEBINARS.permission.description" : "Permisos para la gestión en el módulo de Webinars",
  "permissions.AMAS" : "Módulo Amas",
  "AMAS.permission.description" : "Permisos para la gestión en el módulo de AMAS",

  

  "mainMenu.item.label.home":"Dashboard",
  "mainMenu.item.label.academy":"Academia",
  "mainMenu.item.label.administation":"Administración",
  "mainMenu.item.label.news":"Noticias",
  "mainMenu.item.label.afiliates":"Afiliados",
  "mainMenu.item.label.taxConsultant":"Asesor Fiscal",
  "mainMenu.item.label.resources":"Recursos",
  "mainMenu.item.label.consultants":"Asesores",
  "mainMenu.item.label.discord":"Discord",
  "mainMenu.item.label.webinars":"Webinars",
  "mainMenu.item.label.amas":"AMAs",
  "mainMenu.item.label.tempName":"Nombre temporal",
  "mainMenu.item.label.research":"Research",
  "mainMenu.item.label.analysis":"Bitcoins / Altcoins",
  "mainMenu.item.label.flashUpdates":"Flash Updates",
  "mainMenu.item.label.courses":"Cursos",
  "mainMenu.item.label.tutorials":"Tutoriales",
  "mainMenu.item.label.users" : "Usuarios",
  "mainMenu.item.label.stats" : "Estadísticas",
  "mainMenu.item.label.invoice" : "Facturas",
  "mainMenu.item.label.visibility" :"Visibilidad",
  "contextualMenu.item.label.see": "Ver",
  "contextualMenu.item.label.donwload" : "Descargar",
  "contextualMenu.item.label.delete": "Borrar",
  
  "page.home.title": "Bienvenidos",

  "page.login.title": "Title",
  "page.login.mainTitleLogin": "Comience su viaje  <b>criptográfico</b> ",
  "page.login.mainTitleSignUp": "Comience su viaje  <b>criptográfico</b> ",
  "page.login.mainSubTitleSignUp" : "Pastore Capital hace que sea fácil empezar. Regístrate hoy y explora todos nuestros servicios por ti mismo.",
  "page.login.mainSubTitleLogin" : "Pastore Capital hace que sea fácil empezar. Regístrate hoy y explora todos nuestros servicios por ti mismo.",
  "page.login.labelSignIn": "Iniciar sesión",
  "page.login.labelSignUp": "Registrarse",
  "page.login.signUpTitle": "Regístrate",
  "page.login.signInTitle": "¡Hola de nuevo! {br} Accede a Pastore Capital",
  "page.login.signInCaps": "Bienvenido",
  "page.login.signUpCaps": "Únete a nuestra comunidad",
  "page.login.labelEmail": "Email",
  "page.login.labelPassword": "Contraseña",
  "page.login.labelRepeatPassword": "Repetir contraseña",
  "page.login.labelSignInButton": "Entrar",
  "page.login.labelSignUpButton": "Crear cuenta",
  "page.login.incorrectEmail": "Email incorrecto",
  "page.login.errorRequired": "Este campo es obligatorio",
  "page.login.labelname": "Nombre",
  "page.login.labellastname": "Apellidos",
  "page.login.labelRecoverPassword": "He olvidado mi contraseña",
  "page.login.lang.select" : "Selecciona tu idioma por defecto",
  "page.signUp.title": "Darse de alta",
  "page.signUp.labelAcceptTerms": "He leído y acepto los <b>términos y condiciones</b>",

  "page.recover-password.form.backButtonLabel": "Volver",
  "page.recover-password.title": "Recuperar contraseña",
  "page.recover-password.recoverCaps": "Accede a Pastore Capital",
  "page.recover-password.recoverDetails": "Introduce tu email y te enviaremos un código de verificación",
  "page.recover-password.form.sendEmail.submit": "Enviar email",
  "page.recover-password.form.validateCode.title": "Revisa tu email",
  "page.recover-password.form.validateCode.description": "Introduce el código de verificación enviado a tu email",
  "page.recover-password.form.resetPassword.submit": "Cambiar",
  "page.recover-password.form.resetPassword.title": "Cambiar contraseña",
  "page.recover-password.form.resetPassword.description": "Introduce una nueva contraseña de, al menos, 6 caracteres",

  "page.academy.mainTitle" : "Hola,",
  "page.academy.mainBlock.title" : "Desarrolla tus habilidades con Pastore Capital",
  "page.academy.leftBlock.title" : "<b>Nuestros</b> Cursos",
  "page.academy.rightBlock.title" : "<b>Nuestros</b> Tutoriales",
  "page.academy.rightBlock.button.label" : "Explorar Tutoriales",
  "page.academy.leftBlock.button.label" : "Explorar Cursos",

  "page.academy.title" : "Academia",
  "page.academy.courses.title" : "Cursos",
  "page.academy.courses.btn_create" : "<b>Crear</b> nuevo curso",
  "page.academy.courses.create.title" : "Crear nuevo curso de la Academia ",
  "page.academy.courses.form.create.title" : "Título del curso",
  "page.academy.courses.form.create.excerpt" : "Resumen del curso",
  "page.academy.courses.form.create.submit" : "Crear curso",
  "page.academy.courses.form.create.excerpt.helper" : "Resumen corto del curso. Máximo 300 caracteres",
  "page.academy.courses.form.create.level": "Nivel del curso",
  "page.academy.courses.delete.title" : "Eliminar curso",
  "page.academy.courses.delete.menssage" : "¿Estás seguro de eliminar el curso? Se perderán todos los datos y lecciones asociadas a él.",
  "page.academy.courses.filterSearch.label" : "Buscar por título o #hashtag",
  "page.academy.courses.filterSearch.helper" : "Para buscar por hashtag  ejemplo: #crypto",
  "page.academy.courses.filterLevel.label" : "Nivel",
  "page.academy.courses.filterTags.label" : "Categoría",

  "page.academy.course.add-lesson":"Añadir nueva lección",
  "page.academy.landing.cursos": "Lorem ipsum dolor sit, amet consectetur adipisicing elit. Voluptatibus, aspernatur? Sunt praesentium autem vitae architecto",
  "page.academy.landing.tutorials": "Lorem ipsum dolor sit, amet consectetur adipisicing elit. Voluptatibus, aspernatur? Sunt praesentium autem vitae architecto traducir al inglés",

  "page.academy.course.lesson.form.create.title" : "Crear nueva lección para este curso",
  "page.academy.course.lesson.form.create.excerpt" : "Resumen de la lección",
  "page.academy.course.lesson.form.create.submit" : "Crear lección",
  "page.academy.course.lesson.form.create.excerpt.helper" : "Resumen corto de la lección. Máximo 300 caracteres",

  "page.academy.lesson.form.addReply.button" : "Responder",
  "page.academy.lesson.form.closeReply.button" : "Cerrar",
  "page.academy.lesson.form.addReply.placeholder" : "Escribe tu respuesta",
  "page.academy.lesson.form.addComment.placeholder" : "Escribe un comentario",
  "page.academy.lesson.form.removeComment.message.content" : "¿Seguro que quieres eliminar este comentario? Se perderá el registro de las respuestas asociadas a él",
  "page.academy.lesson.form.removeComment.message.title" : "Eliminar comentario",

  "page.academy.tutorials.form.create.title" : "Título del tutorial",
  "page.academy.tutorials.form.create.excerpt" : "Resumen del tutorial",
  "page.academy.tutorials.form.create.submit" : "Crear tutorial",
  "page.academy.tutorials.form.create.excerpt.helper" : "Resumen corto del tutorial. Máximo 300 caracteres",
  "page.academy.tutorials.modal.delete.title" : "Eliminar tutorial",
  "page.academy.tutorials.modal.delete.message" : "¿Estás seguro de eliminar el tutorial? Se perderán todos los datos",
  "academy.create.tutorials": "<b>Crear</b> nuevo tutorial",
  "academy.create.courses": "<b>Crear</b> nuevo curso",

  "page.analysis.title" : "Bitcoins / Altcoins",
  "page.analysis.categoryFilter.title" : "Categorías",
  "page.analysis.category.button.label" : "Explorar Categoría",
  "page.analysis.articles.form.create.title" : "Crear nuevo artículo",
  "page.analysis.articles.form.create.excerpt" : "Resumen del artículo",
  "page.analysis.articles.form.create.category" : "Categoría del artículo",
  "page.analysis.articles.form.create.submit" : "Crear artículo",
  "page.analysis.articles.form.remove.title": "Borrar artículo",
  "page.analysis.articles.form.remove.content": "¿Seguro que quieres eliminar el artículo? Esto pondrá en estado deshabilitado todo el contenido relacionado",
  "page.analysis.articles.form.update": "Actualizar artículo",
  "page.analysis.articles.featured_articles": " Artículos destacados",

  "page.analysis.bitcoins-altaoins.block-1": "Upgrade to <b>Pastore Capital</b>",
  "page.analysis.bitcoins-altaoins.block-2": " Unlock <b>Everything</b>",
  "page.analysis.bitcoins-altaoins.block-3": " Exclusive long-form daily research",
  "page.analysis.bitcoins-altaoins.block-4": " Daily crypto news and insights in your inbox",
  "page.analysis.bitcoins-altaoins.block-5": " CSV data exports",


 
  "page.analysis.category.form.create.title" : "Crear categoría",
  "page.analysis.category.form.create.name" : "Nombre de la categoría",
  "page.analysis.category.form.create.description" : "Descripción de la categoría",
  "page.analysis.category.form.update.title": "Editar categoría",
  "page.analysis.category.form.remove.title": "Borrar categoría",
  "page.analysis.category.form.remove.content": "¿Seguro que quieres eliminar la categoría? Estp pondrá en estado deshabilitado todo el contenido relacionado.",
  "page.research.landing.button.label":"Explorar",
  "page.flashUpdates.lockedContent.text":"Para ver el contenido debes ser usuario Premium",
  "page.academy.mainBlock.Bitcoins/Altcoins" : "Bitcoins / Altcoins",
  "page.academy.mainBlock.Bitcoins/Altcoins.text" : "Texto de introduccion en Bitcoins/Altcoins",
  "page.academy.mainBlock.flash_updates" : "FLASH UPDATES",
  "page.academy.mainBlock.flash_updates.text" : "Texto de introduccion en FLASH UPDATES",
  "page.administration.users.filter.placeholder" : "Buscar por nombre de usuario o email",
  "page.administration.users.filter.role_level" : "Rol del usuario",
  "page.administration.users.filter.subscription_level" : "Plan del usuario",
  "page.administration.users.update.role" : "Actualizar role",
  "page.administration.users.a2f.enable" : "Activar",
  "page.administration.users.a2f.disable" : "Desactivar",

  "page.tax-consultant.consultants.smallTitle" : "Asesor Fiscal",
  "page.tax-consultant.consultants.title" : "Asesores",
  "page.tax-consultant.consultants.description" : "Nuestro equipo de expertos en criptomonedas y finanzas trabaja con nuestros clientes para proporcionar soluciones fiscales efectivas y personalizadas para sus necesidades individuales. Brindamos asesoramiento en áreas como la tributación, cumplimiento regulatorio y estructuras fiscales para maximizar la rentabilidad y minimizar el riesgo. Además, ofrecemos un servicio integral que incluye el seguimiento de la evolución normativa en el mercado de las criptomonedas. Nuestro objetivo es ayudar a nuestros clientes a tomar decisiones informadas y aumentar su éxito financiero en el mundo de las criptomonedas. Con una atención al cliente excepcional y soluciones personalizadas, Pastore Capital es su socio confiable en el asesoramiento fiscal de criptomonedas.", 
  "page.tax-consultant.profile.smallTitle" : "Perfil de Asesor",
  "page.tax-consultant.profile.services.smallTitle" : "Servicios",
  "page.tax-consultant.profile.clients.title" : "Mis clientes",
  "page.tax-consultant.create-edit.about-me" : "SOBRE MI", 
  "page.tax-consultant.create-edit.tell-us-about-you" : "Cuéntanos más sobre ti",
  "page.tax-consultant.create-edit.title" : "Mis datos", 
  "page.tax-consultant.create-edit.form.label.title" : "Editar mi perfil",
  "page.tax-consultant.create-edit.form.label.image" : "Imagen de perfil",  
  "page.tax-consultant.create-edit.form.label.description" : "Cuenta algo sobre ti o tu experiencia", 
  "page.tax-consultant.create-edit.form.label.keyword" : "Añade palabras claves separadas por coma", 
  "page.tax-consultant.create-edit.form.label.linkedin" : "Enlace a LinkedIn", 
  
  "page.tax-consultant.landing.block-1" : "Texto introductorio pra asesor fiscal", 
  "page.tax-consultant.landing.block-2" : "Texto introductorio pra recursos", 
  "page.tax-consultant.landing.questions" : "Pregunta a tu asesor",
  "page.tax-consultant.landing.questions.description" : "Comenta tus dudas con el asesor",
  "page.tax-consultant.landing.questions.mainTitle" : "Preguntas",



  "page.tax-consultant.create-service.title" : "Añadir nuevo servicio",
  "page.tax-consultant.create-service.form.title" : "Título del servicio",
  "page.tax-consultant.create-service.form.image" : "Añadir imagen",
  "page.tax-consultant.create-service.form.description" : "Descripción",
  "page.tax-consultant.create-service.form.description.help" : "El resumen del servicio mostrará solo los 200 primeros caracteres",
  "page.tax-consultant.create-service.form.time" : "Duración en minutos",
  "page.tax-consultant.create-service.form.price" : "Precio del servicio",
  "page.tax-consultant.create-service.form.functions" : "¿Cómo funciona?",
  "page.tax-consultant.create-service.form.keywords" : "Añade palabras clave",
  "page.tax-consultant.create-service.form.form" : "Subir formulario de contratación",
  "page.tax-consultant.manageAppointment.form.title" : "Gestionar Cita",
  "page.tax-consultant.manageAppointment.client.label" : "Cliente",
  "page.tax-consultant.manageAppointment.service.label" : "Servicio",
  "page.tax-consultant.manageAppointment.calendly.label" : "Enlace a Calendly",
  "page.tax-consultant.manageAppointment.message.label" : "Mensaje",
  "page.tax-consultant.resources.createForm.button.create": "Añadir recurso",
  "page.tax-consultant.resources.createForm.input.create": "Crear nuevo recurso",
  "page.tax-consultant.resources.createForm.input.description": "Descripción recurso",
  "page.tax-consultant.resources.createForm.select": "Categoría del recurso",
  "page.tax-consultant.resources.createForm.submit": "Crear recurso",
  "page.resources.resource.delete.message": "¿Seguro que quieres eliminar este recurso?",
  "page.resources.resource.delete.title": "Eliminar recurso",
  "page.discord.title": "Únete a nuestro Discord",
  "page.discord.card.title": "Un espacio <b>para estar al día</b>",
  "page.discord.card.text": "Lorem ipsum dolor sit, amet consectetur adipisicing elit. Voluptatibus, aspernatur? Sunt praesentium autem vitae architecto",
  "page.discord.admin.title": "Editar link a Discord",
  "page.amas.createRoom.label": "Crear nueva sala",
  "page.amas.selectRoom.label": "Sala",
  "page.amas.interviewLabel": "Entrevistado",
  "page.amas.modalCommentsOpen.title": "Abrir comentarios",
  "page.amas.modalCommentsOpen.text": "¿Seguro que quieres abrir los comentarios al público?.{br} Cualquier usuario podrá escribir comentarios en la conversación actual",
  "page.amas.modalCommentsClose.title": "Cerrar comentarios",
  "page.amas.modalCommentsClose.text": "Si cierras los comentarios, los usuarios que participan en esta conversación no podrán interactuar en la entrevista",
  "page.amas.modalRoomClose.title": "Cerrar Sala",
  "page.amas.modalRoomClose.text": "¿Seguro que quieres cerrar la sala de chat? {br} Una vez que la cierres ya no podrás volverla a abrir",
  "page.amas.closedRoom.text":"La sala está cerrada",
  "page.amas.modalDownload.title": "Descargar contenido de la entrevista",
  "page.amas.modalDownload.text": "¡Ups! Esta sala ya está cerrada, pero si quieres puedes descargar el contenido en PDF para no perderte nada",
  "page.amas.modalDelete.text" : "Seguro deseas borrar este sala de chat. Se perdera toda su información",
  "page.amas.roomLabel.open": "Abierta",
  "page.amas.roomLabel.closed": "Cerrada",
  "page.amas.text": "Texto de introducción a Amas.",

  "page.invoices.title" : "Facturas",
  "page.notifications.title" : "Notificaciones",

  
  "appearance" : "Apariencia",
  "select.label.plans": "Seleccione el plan correspondiente",
  "component.navbar.backbuttom": "Atrás",
  "component.navbar.signUpBtn": "Iniciar Sesión",
  "component.navbar.signOutBtn": "Salir",
  "component.navbar.profile": "Perfil de usuario",
  "component.navbar.invoices": "Facturas",
  "component.modal.close" : "X",
  "component.filter-search-bar.label" : "Buscar por palabra clave",
  "auth/wrong-password": "Contraseña incorrecta para este usuario",
  "auth/user-not-found": "El usuario no existe",
  "auth/email-already-exists": "El email ya está en uso en la plataforma",
  "auth/network-request-failed" : "Error interno, inténtalo más tarde.",
  "firestore@error" : "Error interno, permisos insuficientes para realizar esta operación. Por favor, contacte con un administrador. Gracias",
  "user@not-found": "El usuario no existe",
  "course.academy@term_exists" : "El curso ya existe en la plataforma",
  "api_wp@term_exists": "La categoría o el tag ya existen en la BBDD",
  "Unauthorized": "Usuario no autorizado",
  "code@invalid": "Código inválido",
  "code@expired": "El código ha expirado",
  "forms.errors.incorrectPassword": "La contraseña debe tener al menos 6 caracteres",
  "forms.errors.errorRequired": "Este campo es obligatorio",
  "forms.errors.incorrectEmail": "Email incorrecto",
  "forms.errors.invalidCode": "Código inválido",
  "forms.errors.matchPass": "Las contraseñas no coinciden",
  "forms.errors.calendlylink": "El link no pertenece a Calendly (https://calendly.com/)",

  "forms.labels.name": "Nombre",
  "forms.labels.lastname": "Apellidos",
  "forms.labels.email": "Email",
  "forms.labels.location": "¿Dónde estás?",
  "forms.labels.password": "Contraseña",
  "forms.labels.repeatPassword": "Repetir contraseña",
  "forms.labels.securityCode": "Código de seguridad",
  "forms.labels.resend-code" : "Reenviar código de seguridad",
  "forms.helper.userdata.update" : "Los datos personales solo se cambian desde la configuración de usuario.",
  "forms.labels.excerpt": "Resumen",
  "forms.labels.title": "Título",
  "forms.labels.amas.message.public.closed" : "Comentarios cerrados. El moderador te permitirá escribir comentarios en breve",
  "forms.labels.amas.message" : "Escribe tu comentario",
  "forms.labels.searchusers.email" : "Buscar usuario por email",
  "forms.labels.date" : "Asignar fecha",
  "forms.labels.link" : "Enlace",
  "form.label.image" : "Seleccionar imagen",
  "forms.labels.guests" : "Invitados",
  "forms.labels.policy" : "Acepto la Política de Privacidad",
  "forms.errors.required.policy" : "Tienes que aceptar las Políticas de Privacidad",
  
  "user.updated" : "Usuario actualizado ",
  "btn.send": "Enviar",
  "btn.save": "Guardar",
  "btn.accept": "Aceptar",
  "btn.cancel": "Cancelar",
  "btn.delete": "Eliminar",
  "btn.edit": "Editar",
  "btn.manage": "Gestionar Colaboración",
  "btn.back": "Volver",
  "btn.paginator.before" : "Anterior",
  "btn.paginator.next" : "Siguiente",
  "btn.search": "Buscar",
  "btn.add-item": "Añadir item",
  "btn.hire" : "Contratar",
  "btn.pay" : "Pagar ahora",
  "btn.subscribe" : "Subscription",
  "btn.update_subscribe" : "Subscription",
  "btn.access": "Acceder",
  "btn.myPlan" : "Suscrito",
  "btn.add.service" : "Añadir servicio",
  "btn.choose.subscription" : "Elegir plan",
  "btn.view_all" : "VER TODOS",
  "btn.vew_all_services":"Ver todos los servicios",
  "btn.calendar" : "Calendario",
  "btn.clients" : "Clientes",
  "btn.editLink" : "Editar Link",
  "btn.loadMore" : "Cargar más",
  "btn.vew_all" : "Ver todo",

  "post.state.private": "Ver contenido privado",
  "post.state.public": "Ver contenido público",
   
  "alert.btn.ok" : "Aceptar",
  "alert.btn.cancel" : "Cancelar",
  "placeholder.select" :"Seleccionar",

  "message.password-updated": "La contraseña ha sido cambiada.",
  "message.item.created": "El ítem se ha creado correctamente",
  "message.item.deleted": "El ítem se ha eliminado correctamente",
  "message.item.no-result":"No hemos encontrado nada",
  "message.item.updated" : "Se ha actualizado con éxito",
  "message.sended" : "Notificación enviada",
  
  "subscription.user.unauthorized.alert.title": "Ups, no tienes permiso",
  "subscription.user.unauthorized.alert.content": "Parece que quieres acceder a este contenido. Actualiza tu plan de suscripción para tener acceso.",
  "subscription.user.alert.updateSubscription.text": "¿Quieres actualizar tu plan actual a",
  
  "page.susbcription.title": "Eliminar recurso",
  "page.susbcription.description": "Eliminar recurso",
  "page.susbcription.select.label": "Eliminar recurso",
  "page.susbcription.select.inputYearly": "Eliminar recurso",
  "page.susbcription.select.inputMonthly": "Eliminar recurso",
  "btn.close": "Cerrar",
  "stats.con_data" : "Datos de consultores",
  "stats.u_by_month" : "Relación alta de usuarios por meses del año 2023",
  "sats.u_total" : "Total de Usuarios registrados",
  "stats.users" : "Usuarios registrados",
  "stats.users.help" : "Las estadisticas de los usuarios se actualizan de madrugada.",
  "go_stripe" : "Para un detalle completo de estadisticas de pago, recurrencias, etc.",
  "stats.title": "Estadisticas generales de Pastore Capital",
  "services_porfolio" : "Portafolio de servicios",
  "without_clients": "No tienes clientes todavía", 
  "new_clients" : "Nuevos clientes",
  "home":"Home",
  "courses": "Cursos",
  "our" : "Nuestros",
  "tutorials": "Tutoriales", 
  "academy": "Academia",
  "tax-consultant": "Asesor Fiscal",
  "resources": "Recursos",
  "consultants": "Asesores",
  "subscription" : "Suscripción",
  "sub_select_plan": "Elige tu plan de suscripción",
  "sub_text_intro" :"Texto de introducción a la pagina de suscripción",
  "[slug]": "Curso",
  "bitcoins-altcoins" : "Bitcoins/Altcoins",
  "flash-updates" : "Flash Updates",
  "research" : "Research",
  "administration" : "Administración",
  "users" : "Usuarios",
  "uid" : "Detalle de Usuario",
  "create": "Crear Nuevo",
  "dashboard" : "Dashboard",
  "services" : "Servicios",
  "clients" : "Clientes",
  "questions" : "Preguntas",
  "colaboration" : "Gestión de Colaborador",
  "id" : "Detalle",
  "-": "-",
  "service_id" : "Detalle de Servicio",
  
  "page.amas.roomLabel.comin_soon": "En espera",
  "page.amas.search.interviewee": "Buscar invitado por email",
  "page.amas.coming_soon" : "Esta sala esta en espera de apertura",
  "page.amas.coming_soon.text" : "Pronto se abrirá esta sala por nuestro moderador, mantente a la espera y disculpe por las molestias causadas.",
  "page.amas.coming_soon.text_open" : "Quieres dar inicio a la sala esta acción abrirá la sala al pblico.",
  "page.webinars.subtitle": "Próximas sesiones",
  "page.webinars.modal.createTitle": "Crear webinar",
  "page.webinars.modal.editTitle": "Editar un webinar",
  "page.webinars.inputSearch": "Buscar un webinar",
  "page.webinars.uploadVideo": "Subiendo vídeo...",
  "page.webinars.search.label": "Buscar un webinar",
  "page.webinars.text" : "Texto de introduccion de la pagina principal de webinars",
  "page.webinarDetail.label.attendButton": "¡Quiero asistir!",
  "page.webinarDetail.modal.uploadVideoTitle": "Subir vídeo de la sesión",
  "page.webinarDetail.upload.video" : "Subir video",
  "page.webinarDetail.list.registered": "Usuarios apuntados",
  "page.webinarDetail.modal.attendModal": "Apuntarse a este webinar",
  "page.webinarDetail.modal.attendModal.error": "Ya estás apuntado a este webinar",




  "page.subscription.payment.title": "Plan",
  "page.subscription.payment.description": "Completa el proceso de suscripción y accede a contenidos exclusivos en Pastore Capital",
  "page.subscription.payment.advice": "*Si tienes un plan inferior y actualizas a otro superior o viceversa se te cobrará en el próximo cobro de tu suscripción",
  "page.subscription.payment.adviceModal": "El cambio en tu tipo de suscripción se verá reflejado al cobro de tu próxima factura",
  "page.subscription.payment.label": "Precio",
  "page.subscription.payment.ivaIncluded": "IVA incluido",
  "page.subscription.payment.modalSuccess.title": "Servicio contratado con éxito",
  "page.subscription.payment.modalSuccess.subtitle": "¡Muy bien, ya estamos casi listos!",
  "page.subscription.payment.modalSuccess.text": "Pronto recibiras un mail de confirmación con todos los datos de tu compra.",
  "page.subscription.payment.modalSuccess.button": "Volver al dasboard",

  "page.dashboard.taxConsultant.text": "Asesor <b>Fiscal</b> ",
  "page.dashboard.resources.text": "Asesor Fiscal <b>Recursos</b>",
  "page.dashboard.coursesTutorials.text": "",
  "page.dashboard.values": "Nuestros <b>Cursos y Tutoriales</b>",
  "page.dashboard.discord.text": "Únete a nuestro <b>Discord</b>",
  "page.dashboard.lastWebinars.button.label": "Webinars anteriores",
  "page.dashboard.lastWebinars.text": "Próximos webinars",
  "page.dashboard.form_publi_image.title": "Añadir anuncio",
  "page.dashboard.form_publi_image.link": "Link al que redirige el anuncio",
  "page.dashboard.form_publi_image.delete": "Borrar anuncio",
  "page.dashboard.form_publi_image.delete.text": "¿Seguro que deseas eliminar esta publicidad?",

  "update_plan" : "Actualizar plan",
  "table.sub.b1" : "Seguimiento del mercado",
  "table.sub.b2" : "Noticias importantes",
  "table.sub.b3" : "Análisis técnico semanal de Bitcoins",
  "table.sub.b4" : "Análisis técnico semanal de Altcoins",
  "table.sub.b5" : "Flash Updates",
  "table.sub.b6" : "Ideas de inversión de proyectos",
  "table.sub.b7" : "Estrategias de inversión y gestión del riesgo",
  "table.sub.b8" : "Acceso al portfolio de pAstore capital",
  "table.sub.b9" : "Legal",
  "table.sub.b10" : "Acceso a artículos",
  "table.sub.b11" : "Acceso a vídeos",
  "table.sub.b12" : "Análisis técnico semanal del Altcoins",
  "table.sub.b13" : "La Academia",
  "table.sub.b14" : "Crypto-Tutoriales",
  "table.sub.b15" : "Acceso a todos nuestros cursos",
  "table.sub.b16" : "Preguntas y respuestas con nuestros profesores",
  "table.sub.b17" : "Comunidad y Eventos",
  "table.sub.b18" : "Acceso a la comunidad de Discord",
  "table.sub.b19" : "Webinarios / Reuniones",
  "table.sub.b20" : "Contenido grabado",

  
  "sub_pay_type" : "Selecciona el tipo de pago",
  "page.notifications.modalTitle" : "Ver notificación",
  "invoices.pdf" : "Descargar PDF",
  "invoices.title" : "Facturas generadas",
  "prices_plan":"Precios para los planes de subscripción",
  "page.news.All Tickers" : "Todos los Tickers",
  "page.news.Favorites" : "Mis Favoritos",
  "teacher.permission.description" : "Permisos para el modulo de Profesor",
  "c_config" : "Gestión de permisos de Colaboradores",
  "p_collaborator" : "Permisos del colaborador",
  "ur_active" :"Role activo del usuario",
  "u_data": "Datos de usuario",
  "ur_config" :"Configurar rol del usuario",
  "ua2f": "Habilitar autenticación de doble factor",
  "un_config" :"Configuración de notificaciones",
  "u_singup" : "Fecha de alta",
  "u_plan" : "Plan activo",
  "u_platforms" : "Usuarios de la plataforma",
  "u_config": "Configuración de usuario",
  "promote_your_site": "<b>Promote your site</b><b>with us</b>",
  "time": "Duración",
  "amount" : "Precio",
  "open_comments" : "Abrir comentarios",
  "close_comments" : "Cerrar comentarios",
  "price.month" : "Precio al mes",
  "price.year" : "Precio al año",
  "price.updated" :"Los precios de los productos han sido actualizados",
  "payment" : "Pagos",
  "confirmed_payment" : "Confirmación de Pago",
  "profile": "Perfil",
  "edit" : "Editar",
  "thank-you-purchase": "Gracias por su compra",
  "notifications" : "Notificaciones",
  "update" : "Actualizar",
  "invoices" : "Facturas",
  "discord" : "Discord",
  "amas" : "Amas",
  "chatroom_id": "Sala",
  "webinars": "Webinars",
  "deferred" :"Webinars anteriores",
  "w_id": "Detalle del Webinar",
  "loremipsum" : " Lorem ipsum dolor sit amet consectetur adipisicing elit. Saepe ad similique et assumenda alias incidunt mollitia, maiores quas sequimodi cum dolore recusandae atque dolores expedita, magnam liberodoloribus nam.",
  "empty": " ",
  "news" : "Noticias",
  "accessibility": "Visibilidad",
  "plan.update" : "Plan actualizado con exito.",
  "permissions.updated" : "Permisos actualizados",
  "/news": "Noticias",
  "/academy/tutorials/[tutorial-slug]" : "Tutoriales",
  "/academy/courses/[course-slug]" : "Cursos",
  "/research/bitcoins-altcoins/[category-slug]/[article-slug]": "Bitcoins Altacoins",
  "/research/flash-updates":"Flash Updates",
  "/discord": "Discord",
  "/webinars/[w_id]": "Webinars",
  "/webinars/deferred/[w_id]": "Webinars Grabados",
  "/amas/[chatroom_id]": "Amas",
  "terms": "Términos y condiciones",
  "policy": "Políticas de privacidad",
  "total_price": "Precio total"

 
}